{"amplitudes":{"28000000.0":-6.0,"28002833.333333332":-6.0,"28005666.666666668":-6.0,"28008500.0":-6.0,"28011333.333333332":-6.0,"28014166.666666668":-6.0,"28017000.0":-6.0,"28019833.333333332":-6.0,"28022666.666666668":-6.0,"28025500.0":-6.0,"28028333.333333332":-6.0,"28031166.666666668":-6.0,"28034000.0":-6.0,"28036833.333333332":-6.0,"28039666.666666668":-6.0,"28042500.0":-6.0,"28045333.333333332":-6.0,"28048166.666666668":-6.0,"28051000.0":-5.8333333333,"28053833.333333332":-6.0,"28056666.666666668":-6.0,"28059500.0":-6.0,"28062333.333333332":-6.0,"28065166.666666668":-6.0,"28068000.0":-6.0,"28070833.333333332":-6.0,"28073666.666666668":-5.8333333333,"28076500.0":-6.0,"28079333.333333332":-5.8333333333,"28082166.666666668":-5.8333333333,"28085000.0":-5.8333333333,"28087833.333333332":-5.8333333333,"28090666.666666668":-5.8333333333,"28093500.0":-6.0,"28096333.333333332":-5.8333333333,"28099166.666666668":-6.0,"28102000.0":-5.8333333333,"28104833.333333332":-6.0,"28107666.666666668":-5.8333333333,"28110500.0":-5.8333333333,"28113333.333333332":-5.8333333333,"28116166.666666668":-6.0,"28119000.0":-5.8333333333,"28121833.333333332":-6.0,"28124666.666666668":-5.8333333333,"28127500.0":-6.0,"28130333.333333332":-6.0,"28133166.666666668":-6.0,"28136000.0":-5.8333333333,"28138833.333333332":-6.0,"28141666.666666668":-5.8333333333,"28144500.0":-6.0,"28147333.333333332":-6.0,"28150166.666666668":-6.0,"28153000.0":-6.0,"28155833.333333332":-6.0,"28158666.666666668":-5.8333333333,"28161500.0":-6.0,"28164333.333333332":-6.0,"28167166.666666668":-6.0,"28170000.0":-6.0,"28172833.333333332":-6.0,"28175666.666666668":-6.0,"28178500.0":-6.0,"28181333.333333332":-6.0,"28184166.666666668":-6.0,"28187000.0":-6.0,"28189833.333333332":-6.0,"28192666.666666668":-6.0,"28195500.0":-6.0,"28198333.333333332":-6.0,"28201166.666666668":-6.0,"28204000.0":-6.1666666667,"28206833.333333332":-6.0,"28209666.666666668":-6.0,"28212500.0":-6.0,"28215333.333333332":-6.0,"28218166.666666668":-6.0,"28221000.0":-6.0,"28223833.333333332":-6.0,"28226666.666666668":-6.0,"28229500.0":-6.0,"28232333.333333332":-6.0,"28235166.666666668":-6.0,"28238000.0":-6.0,"28240833.333333332":-6.0,"28243666.666666668":-6.0,"28246500.0":-6.0,"28249333.333333332":-6.0,"28252166.666666668":-6.0,"28255000.0":-6.0,"28257833.333333332":-6.0,"28260666.666666668":-6.0,"28263500.0":-6.1666666667,"28266333.333333332":-6.0,"28269166.666666668":-6.1666666667,"28272000.0":-6.1666666667,"28274833.333333332":-6.1666666667,"28277666.666666668":-6.1666666667,"28280500.0":-6.1666666667,"28283333.333333332":-6.1666666667,"28286166.666666668":-6.1666666667,"28289000.0":-6.3333333333,"28291833.333333332":-6.1666666667,"28294666.666666668":-6.3333333333,"28297500.0":-6.1666666667,"28300333.333333332":-6.1666666667,"28303166.666666668":-6.1666666667,"28306000.0":-6.1666666667,"28308833.333333332":-6.1666666667,"28311666.666666668":-6.1666666667,"28314500.0":-6.1666666667,"28317333.333333332":-6.1666666667,"28320166.666666668":-6.1666666667,"28323000.0":-6.1666666667,"28325833.333333332":-6.1666666667,"28328666.666666668":-6.1666666667,"28331500.0":-6.1666666667,"28334333.333333332":-6.3333333333,"28337166.666666668":-6.1666666667,"28340000.0":-6.1666666667,"28342833.333333332":-6.1666666667,"28345666.666666668":-6.3333333333,"28348500.0":-6.3333333333,"28351333.333333332":-6.3333333333,"28354166.666666668":-6.3333333333,"28357000.0":-6.5,"28359833.333333332":-6.3333333333,"28362666.666666668":-6.3333333333,"28365500.0":-6.3333333333,"28368333.333333332":-6.3333333333,"28371166.666666668":-6.3333333333,"28374000.0":-6.3333333333,"28376833.333333332":-6.3333333333,"28379666.666666668":-6.5,"28382500.0":-6.3333333333,"28385333.333333332":-6.3333333333,"28388166.666666668":-6.3333333333,"28391000.0":-6.3333333333,"28393833.333333332":-6.3333333333,"28396666.666666668":-6.5,"28399500.0":-6.3333333333,"28402333.333333332":-6.5,"28405166.666666668":-6.3333333333,"28408000.0":-6.5,"28410833.333333332":-6.3333333333,"28413666.666666668":-6.3333333333,"28416500.0":-6.3333333333,"28419333.333333332":-6.5,"28422166.666666668":-6.5,"28425000.0":-6.5,"28427833.333333332":-6.5,"28430666.666666668":-6.6666666667,"28433500.0":-6.5,"28436333.333333332":-6.6666666667,"28439166.666666668":-6.5,"28442000.0":-6.6666666667,"28444833.333333332":-6.5,"28447666.666666668":-6.6666666667,"28450500.0":-6.5,"28453333.333333332":-6.6666666667,"28456166.666666668":-6.6666666667,"28459000.0":-6.6666666667,"28461833.333333332":-6.5,"28464666.666666668":-6.5,"28467500.0":-6.6666666667,"28470333.333333332":-6.6666666667,"28473166.666666668":-6.5,"28476000.0":-6.6666666667,"28478833.333333332":-6.5,"28481666.666666668":-6.6666666667,"28484500.0":-6.5,"28487333.333333332":-6.6666666667,"28490166.666666668":-6.5,"28493000.0":-6.6666666667,"28495833.333333332":-6.6666666667,"28498666.666666668":-6.5,"28501500.0":-6.6666666667,"28504333.333333332":-6.6666666667,"28507166.666666668":-6.6666666667,"28510000.0":-6.6666666667,"28512833.333333332":-6.6666666667,"28515666.666666668":-6.6666666667,"28518500.0":-6.6666666667,"28521333.333333332":-6.8333333333,"28524166.666666668":-6.6666666667,"28527000.0":-6.6666666667,"28529833.333333332":-6.6666666667,"28532666.666666668":-6.6666666667,"28535500.0":-6.6666666667,"28538333.333333332":-6.8333333333,"28541166.666666668":-6.6666666667,"28544000.0":-6.6666666667,"28546833.333333332":-6.6666666667,"28549666.666666668":-6.8333333333,"28552500.0":-6.6666666667,"28555333.333333332":-6.6666666667,"28558166.666666668":-6.6666666667,"28561000.0":-6.8333333333,"28563833.333333332":-6.8333333333,"28566666.666666668":-6.8333333333,"28569500.0":-6.6666666667,"28572333.333333332":-6.8333333333,"28575166.666666668":-6.6666666667,"28578000.0":-6.6666666667,"28580833.333333332":-6.8333333333,"28583666.666666668":-6.6666666667,"28586500.0":-6.8333333333,"28589333.333333332":-7.0,"28592166.666666668":-6.8333333333,"28595000.0":-7.0,"28597833.333333332":-6.8333333333,"28600666.666666668":-7.0,"28603500.0":-6.8333333333,"28606333.333333332":-6.8333333333,"28609166.666666668":-6.8333333333,"28612000.0":-6.8333333333,"28614833.333333332":-6.8333333333,"28617666.666666668":-7.0,"28620500.0":-6.8333333333,"28623333.333333332":-7.0,"28626166.666666668":-6.8333333333,"28629000.0":-6.8333333333,"28631833.333333332":-6.8333333333,"28634666.666666668":-7.0,"28637500.0":-6.8333333333,"28640333.333333332":-7.0,"28643166.666666668":-6.8333333333,"28646000.0":-6.8333333333,"28648833.333333332":-6.8333333333,"28651666.666666668":-7.0,"28654500.0":-6.8333333333,"28657333.333333332":-7.0,"28660166.666666668":-6.8333333333,"28663000.0":-7.0,"28665833.333333332":-7.1666666667,"28668666.666666668":-7.0,"28671500.0":-7.0,"28674333.333333332":-7.0,"28677166.666666668":-7.0,"28680000.0":-7.1666666667,"28682833.333333332":-7.0,"28685666.666666668":-7.1666666667,"28688500.0":-7.0,"28691333.333333332":-7.1666666667,"28694166.666666668":-7.0,"28697000.0":-7.1666666667,"28699833.333333332":-7.0,"28702666.666666668":-7.1666666667,"28705500.0":-7.0,"28708333.333333332":-7.1666666667,"28711166.666666668":-7.0,"28714000.0":-7.1666666667,"28716833.333333332":-7.0,"28719666.666666668":-7.0,"28722500.0":-7.0,"28725333.333333332":-7.0,"28728166.666666668":-7.0,"28731000.0":-7.0,"28733833.333333332":-7.0,"28736666.666666668":-7.0,"28739500.0":-7.0,"28742333.333333332":-7.1666666667,"28745166.666666668":-7.0,"28748000.0":-7.1666666667,"28750833.333333332":-7.0,"28753666.666666668":-7.1666666667,"28756500.0":-7.0,"28759333.333333332":-7.0,"28762166.666666668":-7.0,"28765000.0":-7.0,"28767833.333333332":-7.0,"28770666.666666668":-7.1666666667,"28773500.0":-7.0,"28776333.333333332":-7.0,"28779166.666666668":-7.0,"28782000.0":-7.1666666667,"28784833.333333332":-7.0,"28787666.666666668":-7.1666666667,"28790500.0":-7.1666666667,"28793333.333333332":-7.1666666667,"28796166.666666668":-7.1666666667,"28799000.0":-7.1666666667,"28801833.333333332":-7.1666666667,"28804666.666666668":-7.0,