{"amplitudes":{"10100000.0":-5.5,"10100083.333333334":-5.5,"10100166.666666666":-5.3333333333,"10100250.0":-5.5,"10100333.333333334":-5.5,"10100416.666666666":-5.5,"10100500.0":-5.3333333333,"10100583.333333334":-5.5,"10100666.666666666":-5.3333333333,"10100750.0":-5.5,"10100833.333333334":-5.3333333333,"10100916.666666666":-5.5,"10101000.0":-5.3333333333,"10101083.333333334":-5.5,"10101166.666666666":-5.5,"10101250.0":-5.5,"10101333.333333334":-5.5,"10101416.666666666":-5.5,"10101500.0":-5.5,"10101583.333333334":-5.5,"10101666.666666666":-5.5,"10101750.0":-5.5,"10101833.333333334":-5.5,"10101916.666666666":-5.5,"10102000.0":-5.5,"10102083.333333334":-5.5,"10102166.666666666":-5.5,"10102250.0":-5.5,"10102333.333333334":-5.5,"10102416.666666666":-5.5,"10102500.0":-5.5,"10102583.333333334":-5.5,"10102666.666666666":-5.5,"10102750.0":-5.5,"10102833.333333334":-5.5,"10102916.666666666":-5.5,"10103000.0":-5.5,"10103083.333333334":-5.5,"10103166.666666666":-5.5,"10103250.0":-5.5,"10103333.333333334":-5.5,"10103416.666666666":-5.5,"10103500.0":-5.5,"10103583.333333334":-5.5,"10103666.666666666":-5.5,"10103750.0":-5.5,"10103833.333333334":-5.5,"10103916.666666666":-5.5,"10104000.0":-5.5,"10104083.333333334":-5.5,"10104166.666666666":-5.5,"10104250.0":-5.5,"10104333.333333334":-5.5,"10104416.666666666":-5.5,"10104500.0":-5.5,"10104583.333333334":-5.5,"10104666.666666666":-5.5,"10104750.0":-5.5,"10104833.333333334":-5.5,"10104916.666666666":-5.5,"10105000.0":-5.5,"10105083.333333334":-5.5,"10105166.666666666":-5.5,"10105250.0":-5.5,"10105333.333333334":-5.5,"10105416.666666666":-5.5,"10105500.0":-5.5,"10105583.333333334":-5.5,"10105666.666666666":-5.5,"10105750.0":-5.5,"10105833.333333334":-5.5,"10105916.666666666":-5.5,"10106000.0":-5.5,"10106083.333333334":-5.5,"10106166.666666666":-5.5,"10106250.0":-5.5,"10106333.333333334":-5.5,"10106416.666666666":-5.5,"10106500.0":-5.5,"10106583.333333334":-5.5,"10106666.666666666":-5.5,"10106750.0":-5.5,"10106833.333333334":-5.5,"10106916.666666666":-5.5,"10107000.0":-5.5,"10107083.333333334":-5.5,"10107166.666666666":-5.5,"10107250.0":-5.5,"10107333.333333334":-5.5,"10107416.666666666":-5.5,"10107500.0":-5.5,"10107583.333333334":-5.5,"10107666.666666666":-5.5,"10107750.0":-5.5,"10107833.333333334":-5.5,"10107916.666666666":-5.5,"10108000.0":-5.5,"10108083.333333334":-5.5,"10108166.666666666":-5.5,"10108250.0":-5.5,"10108333.333333334":-5.5,"10108416.666666666":-5.5,"10108500.0":-5.5,"10108583.333333334":-5.5,"10108666.666666666":-5.5,"10108750.0":-5.5,"10108833.333333334":-5.5,"10108916.666666666":-5.5,"10109000.0":-5.5,"10109083.333333334":-5.5,"10109166.666666666":-5.5,"10109250.0":-5.5,"10109333.333333334":-5.5,"10109416.666666666":-5.5,"10109500.0":-5.5,"10109583.333333334":-5.5,"10109666.666666666":-5.5,"10109750.0":-5.5,"10109833.333333334":-5.5,"10109916.666666666":-5.5,"10110000.0":-5.5,"10110083.333333334":-5.5,"10110166.666666666":-5.5,"10110250.0":-5.5,"10110333.333333334":-5.5,"10110416.666666666":-5.5,"10110500.0":-5.5,"10110583.333333334":-5.5,"10110666.666666666":-5.5,"10110750.0":-5.5,"10110833.333333334":-5.5,"10110916.666666666":-5.5,"10111000.0":-5.5,"10111083.333333334":-5.5,"10111166.666666666":-5.5,"10111250.0":-5.5,"10111333.333333334":-5.5,"10111416.666666666":-5.5,"10111500.0":-5.5,"10111583.333333334":-5.5,"10111666.666666666":-5.5,"10111750.0":-5.5,"10111833.333333334":-5.5,"10111916.666666666":-5.5,"10112000.0":-5.5,"10112083.333333334":-5.5,"10112166.666666666":-5.5,"10112250.0":-5.6666666667,"10112333.333333334":-5.5,"10112416.666666666":-5.6666666667,"10112500.0":-5.5,"10112583.333333334":-5.6666666667,"10112666.666666666":-5.5,"10112750.0":-5.6666666667,"10112833.333333334":-5.5,"10112916.666666666":-5.6666666667,"10113000.0":-5.6666666667,"10113083.333333334":-5.6666666667,"10113166.666666666":-5.5,"10113250.0":-5.6666666667,"10113333.333333334":-5.5,"10113416.666666666":-5.6666666667,"10113500.0":-5.6666666667,"10113583.333333334":-5.6666666667,"10113666.666666666":-5.6666666667,"10113750.0":-5.6666666667,"10113833.333333334":-5.6666666667,"10113916.666666666":-5.6666666667,"10114000.0":-5.6666666667,"10114083.333333334":-5.6666666667,"10114166.666666666":-5.6666666667,"10114250.0":-5.6666666667,"10114333.333333334":-5.6666666667,"10114416.666666666":-5.6666666667,"10114500.0":-5.6666666667,"10114583.333333334":-5.6666666667,"10114666.666666666":-5.6666666667,"10114750.0":-5.6666666667,"10114833.333333334":-5.6666666667,"10114916.666666666":-5.6666666667,"10115000.0":-5.6666666667,"10115083.333333334":-5.6666666667,"10115166.666666666":-5.6666666667,"10115250.0":-5.6666666667,"10115333.333333334":-5.6666666667,"10115416.666666666":-5.6666666667,"10115500.0":-5.6666666667,"10115583.333333334":-5.6666666667,"10115666.666666666":-5.6666666667,"10115750.0":-5.6666666667,"10115833.333333334":-5.6666666667,"10115916.666666666":-5.6666666667,"10116000.0":-5.6666666667,"10116083.333333334":-5.6666666667,"10116166.666666666":-5.6666666667,"10116250.0":-5.6666666667,"10116333.333333334":-5.6666666667,"10116416.666666666":-5.6666666667,"10116500.0":-5.6666666667,"10116583.333333334":-5.6666666667,"10116666.666666666":-5.6666666667,"10116750.0":-5.6666666667,"10116833.333333334":-5.6666666667,"10116916.666666666":-5.6666666667,"10117000.0":-5.6666666667,"10117083.333333334":-5.6666666667,"10117166.666666666":-5.6666666667,"10117250.0":-5.6666666667,"10117333.333333334":-5.6666666667,"10117416.666666666":-5.6666666667,"10117500.0":-5.6666666667,"10117583.333333334":-5.6666666667,"10117666.666666666":-5.6666666667,"10117750.0":-5.6666666667,"10117833.333333334":-5.6666666667,"10117916.666666666":-5.6666666667,"10118000.0":-5.6666666667,"10118083.333333334":-5.6666666667,"10118166.666666666":-5.6666666667,"10118250.0":-5.6666666667,"10118333.333333334":-5.6666666667,"10118416.666666666":-5.6666666667,"10118500.0":-5.6666666667,"10118583.333333334":-5.6666666667,"10118666.666666666":-5.6666666667,"10118750.0":-5.6666666667,"10118833.333333334":-5.6666666667,"10118916.666666666":-5.6666666667,"10119000.0":-5.6666666667,"10119083.333333334":-5.6666666667,"10119166.666666666":-5.6666666667,"10119250.0":-5.6666666667,"10119333.333333334":-5.6666666667,"10119416.666666666":-5.6666666667,"10119500.0":-5.6666666667,"10119583.333333334":-5.6666666667,"10119666.666666666":-5.6666666667,"10119750.0":-5.6666666667,"10119833.333333334":-5.6666666667,"10119916.666666666":-5.6666666667,"10120000.0":-5.6666666667,"10120083.333333334":-5.6666666667,"10120166.666666666":-5.6666666667,"10120250.0":-5.6666666667,"10120333.333333334":-5.6666666667,"10120416.666666666":-5.6666666667,"10120500.0":-5.6666666667,"10120583.333333334":-5.6666666667,"10120666.666666666":-5.6666666667,"10120750.0":-5.6666666667,"10120833.333333334":-5.6666666667,"10120916.666666666":-5.6666666667,"10121000.0":-5.6666666667,"10121083.333333334":-5.6666666667,"10121166.666666666":-5.6666666667,"10121250.0":-5.6666666667,"10121333.333333334":-5.6666666667,"10121416.666666666":-5.6666666667,"10121500.0":-5.6666666667,"10121583.333333334":-5.6666666667,"10121666.666666666":-5.6666666667,"10121750.0":-5.6666666667,"10121833.333333334":-5.6666666667,"10121916.666666666":-5.8333333333,"10122000.0":-5.6666666667,"10122083.333333334":-5.8333333333,"10122166.666666666":-5.6666666667,"10122250.0":-5.8333333333,"10122333.333333334":-5.6666666667,"10122416.666666666":-5.8333333333,"10122500.0":-5.6666666667,"10122583.333333334":-5.8333333333,"10122666.666666666":-5.6666666667,"10122750.0":-5.8333333333,"10122833.333333334":-5.6666666667,"10122916.666666666":-5.8333333333,"10123000.0":-5.8333333333,"10123083.333333334":-5.8333333333,"10123166.666666666":-5.8333333333,"10123250.0":-5.8333333333,"10123333.333333334":-5.8333333333,"10123416.666666666":-5.8333333333,"10123500.0":-5.8333333333,"10123583.333333334":-5.8333333333,"10123666.666666666":-5.8333333333,"10123750.0":-5.8333333333,"10123833.333333334":-5.8333333333,"10123916.666666666":-5.8333333333,