{"amplitudes":{"21000000.0":-5.3333333333,"21000750.0":-5.1666666667,"21001500.0":-5.1666666667,"21002250.0":-5.3333333333,"21003000.0":-5.1666666667,"21003750.0":-5.1666666667,"21004500.0":-5.3333333333,"21005250.0":-5.3333333333,"21006000.0":-5.3333333333,"21006750.0":-5.1666666667,"21007500.0":-5.1666666667,"21008250.0":-5.1666666667,"21009000.0":-5.1666666667,"21009750.0":-5.1666666667,"21010500.0":-5.1666666667,"21011250.0":-5.1666666667,"21012000.0":-5.1666666667,"21012750.0":-5.1666666667,"21013500.0":-5.1666666667,"21014250.0":-5.1666666667,"21015000.0":-5.1666666667,"21015750.0":-5.1666666667,"21016500.0":-5.1666666667,"21017250.0":-5.1666666667,"21018000.0":-5.1666666667,"21018750.0":-5.1666666667,"21019500.0":-5.1666666667,"21020250.0":-5.1666666667,"21021000.0":-5.1666666667,"21021750.0":-5.1666666667,"21022500.0":-5.1666666667,"21023250.0":-5.1666666667,"21024000.0":-5.1666666667,"21024750.0":-5.1666666667,"21025500.0":-5.1666666667,"21026250.0":-5.1666666667,"21027000.0":-5.1666666667,"21027750.0":-5.1666666667,"21028500.0":-5.1666666667,"21029250.0":-5.1666666667,"21030000.0":-5.1666666667,"21030750.0":-5.1666666667,"21031500.0":-5.1666666667,"21032250.0":-5.1666666667,"21033000.0":-5.1666666667,"21033750.0":-5.1666666667,"21034500.0":-5.1666666667,"21035250.0":-5.1666666667,"21036000.0":-5.1666666667,"21036750.0":-5.1666666667,"21037500.0":-5.0,"21038250.0":-5.0,"21039000.0":-5.1666666667,"21039750.0":-5.3333333333,"21040500.0":-5.1666666667,"21041250.0":-5.1666666667,"21042000.0":-5.0,"21042750.0":-5.0,"21043500.0":-5.1666666667,"21044250.0":-5.0,"21045000.0":-5.0,"21045750.0":-5.0,"21046500.0":-5.0,"21047250.0":-5.1666666667,"21048000.0":-5.1666666667,"21048750.0":-5.0,"21049500.0":-5.0,"21050250.0":-5.0,"21051000.0":-5.0,"21051750.0":-5.0,"21052500.0":-5.0,"21053250.0":-5.0,"21054000.0":-5.0,"21054750.0":-5.0,"21055500.0":-5.0,"21056250.0":-5.0,"21057000.0":-5.0,"21057750.0":-5.0,"21058500.0":-5.0,"21059250.0":-5.0,"21060000.0":-5.0,"21060750.0":-5.0,"21061500.0":-5.0,"21062250.0":-5.0,"21063000.0":-5.0,"21063750.0":-5.0,"21064500.0":-5.0,"21065250.0":-5.0,"21066000.0":-5.0,"21066750.0":-5.0,"21067500.0":-5.0,"21068250.0":-5.0,"21069000.0":-5.0,"21069750.0":-5.0,"21070500.0":-5.0,"21071250.0":-5.0,"21072000.0":-5.0,"21072750.0":-5.0,"21073500.0":-5.0,"21074250.0":-5.0,"21075000.0":-5.1666666667,"21075750.0":-5.0,"21076500.0":-5.0,"21077250.0":-5.0,"21078000.0":-5.0,"21078750.0":-5.0,"21079500.0":-5.0,"21080250.0":-5.0,"21081000.0":-5.0,"21081750.0":-5.0,"21082500.0":-5.0,"21083250.0":-5.0,"21084000.0":-5.0,"21084750.0":-5.0,"21085500.0":-5.0,"21086250.0":-5.0,"21087000.0":-5.0,"21087750.0":-5.0,"21088500.0":-5.0,"21089250.0":-4.8333333333,"21090000.0":-4.8333333333,"21090750.0":-5.0,"21091500.0":-5.0,"21092250.0":-4.8333333333,"21093000.0":-5.0,"21093750.0":-5.0,"21094500.0":-4.8333333333,"21095250.0":-5.0,"21096000.0":-4.8333333333,"21096750.0":-5.0,"21097500.0":-4.8333333333,"21098250.0":-4.8333333333,"21099000.0":-4.8333333333,"21099750.0":-4.8333333333,"21100500.0":-4.8333333333,"21101250.0":-5.0,"21102000.0":-5.0,"21102750.0":-4.8333333333,"21103500.0":-4.8333333333,"21104250.0":-4.8333333333,"21105000.0":-4.8333333333,"21105750.0":-4.8333333333,"21106500.0":-4.8333333333,"21107250.0":-4.8333333333,"21108000.0":-4.8333333333,"21108750.0":-4.8333333333,"21109500.0":-5.0,"21110250.0":-4.8333333333,"21111000.0":-4.8333333333,"21111750.0":-4.8333333333,"21112500.0":-4.8333333333,"21113250.0":-4.8333333333,"21114000.0":-4.8333333333,"21114750.0":-4.8333333333,"21115500.0":-4.8333333333,"21116250.0":-5.0,"21117000.0":-4.8333333333,"21117750.0":-4.8333333333,"21118500.0":-4.8333333333,"21119250.0":-4.8333333333,"21120000.0":-4.8333333333,"21120750.0":-4.8333333333,"21121500.0":-4.8333333333,"21122250.0":-4.8333333333,"21123000.0":-4.8333333333,"21123750.0":-4.8333333333,"21124500.0":-4.8333333333,"21125250.0":-4.8333333333,"21126000.0":-5.0,"21126750.0":-4.8333333333,"21127500.0":-4.8333333333,"21128250.0":-4.8333333333,"21129000.0":-4.8333333333,"21129750.0":-4.8333333333,"21130500.0":-4.8333333333,"21131250.0":-4.8333333333,"21132000.0":-4.8333333333,"21132750.0":-4.8333333333,"21133500.0":-4.8333333333,"21134250.0":-4.8333333333,"21135000.0":-4.8333333333,"21135750.0":-4.8333333333,"21136500.0":-4.8333333333,"21137250.0":-4.8333333333,"21138000.0":-4.8333333333,"21138750.0":-4.8333333333,"21139500.0":-4.8333333333,"21140250.0":-4.8333333333,"21141000.0":-4.8333333333,"21141750.0":-4.8333333333,"21142500.0":-4.8333333333,"21143250.0":-4.8333333333,"21144000.0":-4.8333333333,"21144750.0":-4.8333333333,"21145500.0":-4.8333333333,"21146250.0":-4.8333333333,"21147000.0":-4.8333333333,"21147750.0":-4.8333333333,"21148500.0":-4.8333333333,"21149250.0":-4.8333333333,"21150000.0":-4.8333333333,"21150750.0":-4.8333333333,"21151500.0":-4.8333333333,"21152250.0":-4.8333333333,"21153000.0":-5.0,"21153750.0":-4.8333333333,"21154500.0":-4.8333333333,"21155250.0":-4.8333333333,"21156000.0":-4.8333333333,"21156750.0":-4.8333333333,"21157500.0":-4.8333333333,"21158250.0":-4.8333333333,"21159000.0":-4.8333333333,"21159750.0":-4.8333333333,"21160500.0":-4.8333333333,"21161250.0":-4.8333333333,"21162000.0":-4.8333333333,"21162750.0":-4.8333333333,"21163500.0":-4.8333333333,"21164250.0":-4.8333333333,"21165000.0":-4.8333333333,"21165750.0":-4.8333333333,"21166500.0":-4.8333333333,"21167250.0":-4.8333333333,"21168000.0":-4.8333333333,"21168750.0":-4.6666666667,"21169500.0":-4.8333333333,"21170250.0":-4.8333333333,"21171000.0":-5.0,"21171750.0":-4.8333333333,"21172500.0":-4.8333333333,"21173250.0":-4.8333333333,"21174000.0":-4.8333333333,"21174750.0":-4.8333333333,"21175500.0":-4.8333333333,"21176250.0":-4.6666666667,"21177000.0":-4.6666666667,"21177750.0":-4.6666666667,"21178500.0":-4.8333333333,"21179250.0":-4.6666666667,"21180000.0":-4.8333333333,"21180750.0":-4.6666666667,"21181500.0":-4.6666666667,"21182250.0":-4.6666666667,"21183000.0":-4.8333333333,"21183750.0":-4.8333333333,"21184500.0":-5.0,"21185250.0":-4.8333333333,"21186000.0":-4.8333333333,"21186750.0":-4.6666666667,"21187500.0":-4.6666666667,"21188250.0":-4.6666666667,"21189000.0":-4.6666666667,"21189750.0":-4.6666666667,"21190500.0":-4.6666666667,"21191250.0":-4.6666666667,"21192000.0":-4.6666666667,"21192750.0":-4.6666666667,"21193500.0":-4.6666666667,"21194250.0":-4.6666666667,"21195000.0":-4.6666666667,"21195750.0":-4.6666666667,"21196500.0":-4.6666666667,"21197250.0":-4.6666666667,"21198000.0":-4.6666666667,"21198750.0":-4.6666666667,"21199500.0":-4.6666666667,"21200250.0":-4.6666666667,"21201000.0":-4.6666666667,"21201750.0":-4.6666666667,"21202500.0":-4.6666666667,"21203250.0":-4.6666666667,"21204000.0":-4.6666666667,"21204750.0":-4.8333333333,"21205500.0":-4.8333333333,"21206250.0":-4.6666666667,"21207000.0":-4.6666666667,"21207750.0":-4.6666666667,"21208500.0":-4.6666666667,"21209250.0":-4.6666666667,"21210000.0":-4.6666666667,"21210750.0":-4.6666666667,"21211500.0":-4.6666666667,"21212250.0":-4.6666666667,"21213000.0":-4.6666666667,"21213750.0":-4.6666666667,"21214500.0":-4.6666666667,"21215250.0":-4.6666666667,"21216000.0":-4.6666666667,"21216750.0":-4.6666666667,"21217500.0":-4.6666666667,"21218250.0":-4.6666666667,"21219000.0":-4.8333333333,"21219750.0":-4.6666666667,"21220500.0":-4.6666666667,"21221250.0":-4.6666666667,"21222000.0":-4.6666666667,"21222750.0":-4.6666666667,"21223500.0":-4.6666666667,"21224250.0":-4.6666666667,"21225000.0":-4.6666666667,"21225750.0":-4.6666666667,"21226500.0":-4.6666666667,"21227250.0":-4.6666666667,"21228000.0":-4.6666666667,"21228750.0":-4.6666666667,"21229500.0":-4.6666666667,"21230250.0":-4.6666666667,"21231000.0":-4.6666666667,"21231750.0":-4.6666666667,"21232500.0":-4.6666666667,"21233250.0":-4.6666666667,"21234000.0":-4.6666666667,"21234750.0":-4.6666666667,"21235500.0":-4.6666666667,"21236250.0":-4.6666666667,"21237000.0":-4.6666666667,"21237750.0":-4.6666666667,"21238500.0":-4.6666666667,"21239250.0":-4.6666666667,