{"amplitudes":{"1800000.0":1.6666666667,"1800333.3333333333":1.6666666667,"1800666.6666666667":1.6666666667,"1801000.0":1.6666666667,"1801333.3333333333":1.6666666667,"1801666.6666666667":1.6666666667,"1802000.0":1.6666666667,"1802333.3333333333":1.6666666667,"1802666.6666666667":1.6666666667,"1803000.0":1.6666666667,"1803333.3333333333":1.6666666667,"1803666.6666666667":1.6666666667,"1804000.0":1.6666666667,"1804333.3333333333":1.6666666667,"1804666.6666666667":1.6666666667,"1805000.0":1.6666666667,"1805333.3333333333":1.6666666667,"1805666.6666666667":1.6666666667,"1806000.0":1.6666666667,"1806333.3333333333":1.6666666667,"1806666.6666666667":1.6666666667,"1807000.0":1.6666666667,"1807333.3333333333":1.6666666667,"1807666.6666666667":1.6666666667,"1808000.0":1.6666666667,"1808333.3333333333":1.6666666667,"1808666.6666666667":1.6666666667,"1809000.0":1.6666666667,"1809333.3333333333":1.6666666667,"1809666.6666666667":1.6666666667,"1810000.0":1.6666666667,"1810333.3333333333":1.6666666667,"1810666.6666666667":1.6666666667,"1811000.0":1.6666666667,"1811333.3333333333":1.6666666667,"1811666.6666666667":1.6666666667,"1812000.0":1.6666666667,"1812333.3333333333":1.6666666667,"1812666.6666666667":1.6666666667,"1813000.0":1.6666666667,"1813333.3333333333":1.6666666667,"1813666.6666666667":1.6666666667,"1814000.0":1.6666666667,"1814333.3333333333":1.6666666667,"1814666.6666666667":1.6666666667,"1815000.0":1.6666666667,"1815333.3333333333":1.6666666667,"1815666.6666666667":1.6666666667,"1816000.0":1.6666666667,"1816333.3333333333":1.6666666667,"1816666.6666666667":1.6666666667,"1817000.0":1.6666666667,"1817333.3333333333":1.6666666667,"1817666.6666666667":1.6666666667,"1818000.0":1.6666666667,"1818333.3333333333":1.6666666667,"1818666.6666666667":1.6666666667,"1819000.0":1.6666666667,"1819333.3333333333":1.6666666667,"1819666.6666666667":1.6666666667,"1820000.0":1.6666666667,"1820333.3333333333":1.6666666667,"1820666.6666666667":1.6666666667,"1821000.0":1.6666666667,"1821333.3333333333":1.6666666667,"1821666.6666666667":1.6666666667,"1822000.0":1.6666666667,"1822333.3333333333":1.6666666667,"1822666.6666666667":1.6666666667,"1823000.0":1.6666666667,"1823333.3333333333":1.6666666667,"1823666.6666666667":1.6666666667,"1824000.0":1.6666666667,"1824333.3333333333":1.6666666667,"1824666.6666666667":1.6666666667,"1825000.0":1.6666666667,"1825333.3333333333":1.6666666667,"1825666.6666666667":1.6666666667,"1826000.0":1.6666666667,"1826333.3333333333":1.6666666667,"1826666.6666666667":1.6666666667,"1827000.0":1.6666666667,"1827333.3333333333":1.6666666667,"1827666.6666666667":1.6666666667,"1828000.0":1.6666666667,"1828333.3333333333":1.6666666667,"1828666.6666666667":1.6666666667,"1829000.0":1.6666666667,"1829333.3333333333":1.6666666667,"1829666.6666666667":1.6666666667,"1830000.0":1.6666666667,"1830333.3333333333":1.6666666667,"1830666.6666666667":1.6666666667,"1831000.0":1.6666666667,"1831333.3333333333":1.6666666667,"1831666.6666666667":1.6666666667,"1832000.0":1.6666666667,"1832333.3333333333":1.6666666667,"1832666.6666666667":1.6666666667,"1833000.0":1.6666666667,"1833333.3333333333":1.6666666667,"1833666.6666666667":1.6666666667,"1834000.0":1.6666666667,"1834333.3333333333":1.6666666667,"1834666.6666666667":1.6666666667,"1835000.0":1.6666666667,"1835333.3333333333":1.6666666667,"1835666.6666666667":1.6666666667,"1836000.0":1.6666666667,"1836333.3333333333":1.6666666667,"1836666.6666666667":1.6666666667,"1837000.0":1.6666666667,"1837333.3333333333":1.6666666667,"1837666.6666666667":1.6666666667,"1838000.0":1.6666666667,"1838333.3333333333":1.6666666667,"1838666.6666666667":1.6666666667,"1839000.0":1.6666666667,"1839333.3333333333":1.6666666667,"1839666.6666666667":1.6666666667,"1840000.0":1.6666666667,"1840333.3333333333":1.6666666667,"1840666.6666666667":1.6666666667,"1841000.0":1.6666666667,"1841333.3333333333":1.6666666667,"1841666.6666666667":1.6666666667,"1842000.0":1.6666666667,"1842333.3333333333":1.6666666667,"1842666.6666666667":1.6666666667,"1843000.0":1.6666666667,"1843333.3333333333":1.6666666667,"1843666.6666666667":1.6666666667,"1844000.0":1.6666666667,"1844333.3333333333":1.6666666667,"1844666.6666666667":1.6666666667,"1845000.0":1.6666666667,"1845333.3333333333":1.6666666667,"1845666.6666666667":1.6666666667,"1846000.0":1.6666666667,"1846333.3333333333":1.6666666667,"1846666.6666666667":1.6666666667,"1847000.0":1.6666666667,"1847333.3333333333":1.6666666667,"1847666.6666666667":1.6666666667,"1848000.0":1.6666666667,"1848333.3333333333":1.6666666667,"1848666.6666666667":1.6666666667,"1849000.0":1.6666666667,"1849333.3333333333":1.6666666667,"1849666.6666666667":1.6666666667,"1850000.0":1.6666666667,"1850333.3333333333":1.6666666667,"1850666.6666666667":1.6666666667,"1851000.0":1.6666666667,"1851333.3333333333":1.6666666667,"1851666.6666666667":1.6666666667,"1852000.0":1.6666666667,"1852333.3333333333":1.6666666667,"1852666.6666666667":1.6666666667,"1853000.0":1.6666666667,"1853333.3333333333":1.6666666667,"1853666.6666666667":1.6666666667,"1854000.0":1.6666666667,"1854333.3333333333":1.6666666667,"1854666.6666666667":1.6666666667,"1855000.0":1.6666666667,"1855333.3333333333":1.6666666667,"1855666.6666666667":1.6666666667,"1856000.0":1.6666666667,"1856333.3333333333":1.6666666667,"1856666.6666666667":1.6666666667,"1857000.0":1.6666666667,"1857333.3333333333":1.6666666667,"1857666.6666666667":1.6666666667,"1858000.0":1.6666666667,"1858333.3333333333":1.6666666667,"1858666.6666666667":1.6666666667,"1859000.0":1.6666666667,"1859333.3333333333":1.6666666667,"1859666.6666666667":1.6666666667,"1860000.0":1.6666666667,"1860333.3333333333":1.6666666667,"1860666.6666666667":1.6666666667,"1861000.0":1.6666666667,"1861333.3333333333":1.6666666667,"1861666.6666666667":1.6666666667,"1862000.0":1.6666666667,"1862333.3333333333":1.6666666667,"1862666.6666666667":1.6666666667,"1863000.0":1.6666666667,"1863333.3333333333":1.6666666667,"1863666.6666666667":1.6666666667,"1864000.0":1.6666666667,"1864333.3333333333":1.6666666667,"1864666.6666666667":1.6666666667,"1865000.0":1.6666666667,"1865333.3333333333":1.6666666667,"1865666.6666666667":1.6666666667,"1866000.0":1.6666666667,"1866333.3333333333":1.6666666667,"1866666.6666666667":1.6666666667,"1867000.0":1.6666666667,"1867333.3333333333":1.6666666667,"1867666.6666666667":1.6666666667,"1868000.0":1.6666666667,"1868333.3333333333":1.6666666667,"1868666.6666666667":1.6666666667,"1869000.0":1.6666666667,"1869333.3333333333":1.6666666667,"1869666.6666666667":1.6666666667,"1870000.0":1.6666666667,"1870333.3333333333":1.6666666667,"1870666.6666666667":1.6666666667,"1871000.0":1.6666666667,"1871333.3333333333":1.6666666667,"1871666.6666666667":1.6666666667,"1872000.0":1.6666666667,"1872333.3333333333":1.6666666667,"1872666.6666666667":1.6666666667,"1873000.0":1.6666666667,"1873333.3333333333":1.6666666667,"1873666.6666666667":1.6666666667,"1874000.0":1.6666666667,"1874333.3333333333":1.6666666667,"1874666.6666666667":1.6666666667,"1875000.0":1.6666666667,"1875333.3333333333":1.6666666667,"1875666.6666666667":1.6666666667,"1876000.0":1.6666666667,"1876333.3333333333":1.6666666667,"1876666.6666666667":1.6666666667,"1877000.0":1.6666666667,"1877333.3333333333":1.6666666667,"1877666.6666666667":1.6666666667,"1878000.0":1.6666666667,"1878333.3333333333":1.6666666667,"1878666.6666666667":1.6666666667,"1879000.0":1.6666666667,"1879333.3333333333":1.6666666667,"1879666.6666666667":1.6666666667,"1880000.0":1.6666666667,"1880333.3333333333":1.6666666667,"1880666.6666666667":1.6666666667,"1881000.0":1.6666666667,"1881333.3333333333":1.6666666667,"1881666.6666666667":1.6666666667,"1882000.0":1.6666666667,"1882333.3333333333":1.6666666667,"1882666.6666666667":1.6666666667,"1883000.0":1.6666666667,"1883333.3333333333":1.6666666667,"1883666.6666666667":1.6666666667,"1884000.0":1.6666666667,"1884333.3333333333":1.6666666667,"1884666.6666666667":1.6666666667,"1885000.0":1.6666666667,"1885333.3333333333":1.6666666667,